[
  {
    "file": "WAR_PATH/WEB-INF/lib/com.liferay.shielded.container.api.jar/META-INF/liferay-releng.changelog",
    "checksum": "3176a103ce2267f89a9eee768dd067c7eaff1788d4793c4db793c8c1a4602c0f"
  },
  {
    "file": "WAR_PATH/WEB-INF/shielded-container-lib/com.liferay.portal.log4j.jar/META-INF/liferay-releng.changelog",
    "checksum": "b51b028c33865204823b53173dd8fc09903cca93419a8b3b6221d8dc065505a9"
  },
  {
    "file": "WAR_PATH/WEB-INF/shielded-container-lib/com.liferay.portal.osgi.web.jasper.plugins.taglib.jar/META-INF/liferay-releng.changelog",
    "checksum": "65d59741e8cb4549a2cfd5ce087655e494c44e6bb3ede5524040e39dd9723e78"
  },
  {
    "file": "WAR_PATH/WEB-INF/shielded-container-lib/com.liferay.petra.sql.dsl.spi.jar/META-INF/liferay-releng.changelog",
    "checksum": "a7da45253c691b3518ab3ec53b658fdba2ef04f902b6450b1ad00524615db65d"
  },
  {
    "file": "WAR_PATH/WEB-INF/shielded-container-lib/com.liferay.petra.executor.jar/META-INF/liferay-releng.changelog",
    "checksum": "6bd38b6fd81fdb99c1eaaf13da20418b3f6c2026eec9755f1662bcc9e0fb353e"
  },
  {
    "file": "WAR_PATH/WEB-INF/shielded-container-lib/com.liferay.portal.app.license.impl.jar/com/liferay/portal/app/license/a/a.class",
    "checksum": "dcdce28ae69c33c824cd63e2b375ac15d2bf50e723b6147aba8d500436b0b70b"
  },
  {
    "file": "WAR_PATH/WEB-INF/shielded-container-lib/com.liferay.portal.app.license.impl.jar/com/liferay/portal/app/license/impl/a.class",
    "checksum": "ca438a309dea4c2c562c0b4910ec8c5f23f6e9d248ac136c8b9af57b55b4d840"
  },
  {
    "file": "WAR_PATH/WEB-INF/shielded-container-lib/com.liferay.portal.app.license.impl.jar/com/liferay/portal/app/license/impl/a/a.class",
    "checksum": "015dc5bd9e8b10b8e8d8215b33b440bae9e9d2f099a2690d83a918a39b337ee3"
  },
  {
    "file": "WAR_PATH/WEB-INF/shielded-container-lib/com.liferay.portal.app.license.impl.jar/com/liferay/portal/app/license/impl/b$a.class",
    "checksum": "6bf2e9f343be1870ea12608af8a1b261f3bdcb8452cf3e8ebbc8fb7728b35f0e"
  },
  {
    "file": "WAR_PATH/WEB-INF/shielded-container-lib/com.liferay.portal.app.license.impl.jar/com/liferay/portal/app/license/impl/b.class",
    "checksum": "c02545cf1895036515eceaa83737774eb9aef6d0919d7f45d47e34802a8fb909"
  },
  {
    "file": "WAR_PATH/WEB-INF/shielded-container-lib/com.liferay.portal.app.license.impl.jar/com/liferay/portal/app/license/impl/c.class",
    "checksum": "2f0be42e9ae4b6fd05c473be1521db16fd599fb46b7084370a97cac5b0e245f2"
  },
  {
    "file": "WAR_PATH/WEB-INF/shielded-container-lib/portal-kernel.jar/patcher-service.properties",
    "checksum": "b2b8042aa622d97d32986996ec4fafeb9a99b42f287dbb7eb7753fc42ce7d3d5"
  },
  {
    "file": "WAR_PATH/WEB-INF/shielded-container-lib/com.liferay.jaxws.osgi.bridge.jar/META-INF/liferay-releng.changelog",
    "checksum": "24b9d80c83b4a248dda6efa91e07d853a1e70cf4570d4efbb05cdc3d33674efe"
  },
  {
    "file": "WAR_PATH/WEB-INF/shielded-container-lib/com.liferay.petra.url.pattern.mapper.jar/META-INF/liferay-releng.changelog",
    "checksum": "9308ab431d001e91c9670937b467ffd085fef1cf7b3b6b4a6003efa063c1153e"
  },
  {
    "file": "WAR_PATH/WEB-INF/shielded-container-lib/portal-impl.jar/patcher.properties",
    "checksum": "7767357386a2aca59918727caebdc18b9de33f70dfb2e7eb7b59b73035813a38"
  },
  {
    "file": "WAR_PATH/WEB-INF/lib/support-tomcat.jar/META-INF/MANIFEST.MF",
    "checksum": "f0dabd5b5de712673c7216c1665fcd5c43c131f9559f01bebed68607ada3efa1"
  },
  {
    "file": "WAR_PATH/WEB-INF/lib/support-tomcat.jar/META-INF/maven/com.liferay.portal/com.liferay.support.tomcat/pom.properties",
    "checksum": "f6365f8d6154826d8d305a1686c57d8179132007024264d8c11e2237d0419ef5"
  },
  {
    "file": "WAR_PATH/WEB-INF/lib/com.liferay.shielded.container.api.jar/META-INF/MANIFEST.MF",
    "checksum": "c042cc03e553c2929af15e79081f186baaf5a2cfb86d4946a1194112e9d57cd1"
  },
  {
    "file": "WAR_PATH/WEB-INF/lib/com.liferay.shielded.container.impl.jar/META-INF/MANIFEST.MF",
    "checksum": "0aa5d4d7f19930fc804433af4e6062aa60e20a9b50adb82acc89d61789b7ad51"
  },
  {
    "file": "WAR_PATH/WEB-INF/shielded-container-lib/com.liferay.portal.bootstrap.jar/META-INF/MANIFEST.MF",
    "checksum": "68b46e5c79a7a9749f87a8948518a72e5fe61adb073bf712ee74fe37171fcc2c"
  },
  {
    "file": "WAR_PATH/WEB-INF/shielded-container-lib/com.liferay.portal.bootstrap.jar/META-INF/system.packages.extra.mf",
    "checksum": "11671e38bbe840b36fc623fbe41a46794b1ce082798500fd3ec25cd8ca61757f"
  },
  {
    "file": "WAR_PATH/WEB-INF/shielded-container-lib/com.liferay.portal.log4j.jar/META-INF/MANIFEST.MF",
    "checksum": "5fb9b92eddf59d3c87fb784fd2007986ecb03a60061a42dc26ddf9a208d619b4"
  },
  {
    "file": "WAR_PATH/WEB-INF/shielded-container-lib/com.liferay.portal.osgi.web.jasper.plugins.taglib.jar/META-INF/MANIFEST.MF",
    "checksum": "bea4bc9eead2080730e541f3362adae86ec137e71ec235ded04323a3ee15ac9a"
  },
  {
    "file": "WAR_PATH/WEB-INF/shielded-container-lib/com.liferay.petra.sql.dsl.spi.jar/META-INF/MANIFEST.MF",
    "checksum": "48fe38613851753c33b236d8abf93e738e5c672d3478ab4a56af48593189a3e5"
  },
  {
    "file": "WAR_PATH/WEB-INF/shielded-container-lib/com.liferay.petra.function.jar/META-INF/MANIFEST.MF",
    "checksum": "550d3ed9294931306acd8462b69ca543c96ab842b0362e51f98e74656b8d5a05"
  },
  {
    "file": "WAR_PATH/WEB-INF/shielded-container-lib/com.liferay.portal.app.license.api.jar/META-INF/MANIFEST.MF",
    "checksum": "b13ab0ae2184ab0c045c57af80dc7f17e423bbff136115831a6734ad1f837187"
  },
  {
    "file": "WAR_PATH/WEB-INF/shielded-container-lib/util-slf4j.jar/META-INF/MANIFEST.MF",
    "checksum": "8d40c2033967c4885911651dc0d9f4867425fe3762dc9368b8804ed80fe4cba8"
  },
  {
    "file": "WAR_PATH/WEB-INF/shielded-container-lib/util-slf4j.jar/META-INF/maven/com.liferay.portal/com.liferay.util.slf4j/pom.properties",
    "checksum": "c7d2d92171064b805a9448b22e32d62e8ebd1dd010fbc1f142d0e7a3aaa4e13a"
  },
  {
    "file": "WAR_PATH/WEB-INF/shielded-container-lib/com.liferay.petra.sql.dsl.api.jar/META-INF/MANIFEST.MF",
    "checksum": "74cbbc959477a28e3b38a69bed5c010034458e7c8d3ba51261fb234fe88e082d"
  },
  {
    "file": "WAR_PATH/WEB-INF/shielded-container-lib/com.liferay.petra.memory.jar/META-INF/MANIFEST.MF",
    "checksum": "a46c746b55dcb8ad87a8f687a34d5b959a44f7946510f91fc09becc7736c62b9"
  },
  {
    "file": "WAR_PATH/WEB-INF/shielded-container-lib/com.liferay.petra.executor.jar/META-INF/MANIFEST.MF",
    "checksum": "79b8e2dbd84f794979ea400aa29ce2da3080ecf86d2eb5a5480ea9c552f4c578"
  },
  {
    "file": "WAR_PATH/WEB-INF/shielded-container-lib/com.liferay.portal.app.license.impl.jar/META-INF/MANIFEST.MF",
    "checksum": "72cf9922383e93f01b275ab00e1a43a9297a4736fba25ca6db2aecea59621836"
  },
  {
    "file": "WAR_PATH/WEB-INF/shielded-container-lib/com.liferay.portal.app.license.impl.jar/com/liferay/portal/app/license/impl/MarketplaceAppLicenseHookConfigurator.class",
    "checksum": "cf680df10d7fd05f170315ba831dc2d657db01f805b3ecac295dc01e6c4ff85a"
  },
  {
    "file": "WAR_PATH/WEB-INF/shielded-container-lib/util-taglib.jar/META-INF/MANIFEST.MF",
    "checksum": "30f2206506cf0dd95d89fc7ca71e4b3f5d5f6001ea693ad6069163f7af72e189"
  },
  {
    "file": "WAR_PATH/WEB-INF/shielded-container-lib/util-taglib.jar/META-INF/maven/com.liferay.portal/com.liferay.util.taglib/pom.properties",
    "checksum": "23508851ca40f70bf5fa5e6dca12e2f55450175031d994e285f91a3a4aa432c5"
  },
  {
    "file": "WAR_PATH/WEB-INF/shielded-container-lib/com.liferay.petra.process.jar/META-INF/MANIFEST.MF",
    "checksum": "18d4acdf23e52c72648c58291bd2760182dfd5cffb56606b5615d9f5f8b00992"
  },
  {
    "file": "WAR_PATH/WEB-INF/shielded-container-lib/portal-kernel.jar/META-INF/MANIFEST.MF",
    "checksum": "34747d630cc2cece6cb48dd07bb3e075c2b7b630941c522902b52961221dc585"
  },
  {
    "file": "WAR_PATH/WEB-INF/shielded-container-lib/portal-kernel.jar/META-INF/maven/com.liferay.portal/com.liferay.portal.kernel/pom.properties",
    "checksum": "e2484eed352eb4b6942c2479a38699290e3bbad9769816f4e171c71398ba6166"
  },
  {
    "file": "WAR_PATH/WEB-INF/shielded-container-lib/portal-kernel.jar/com/liferay/document/library/kernel/store/StoreArea.class",
    "checksum": "99f47f748bc93a92c882113d6d78cb3b72ac0eb93ce6b4918bc8c95101f24a72"
  },
  {
    "file": "WAR_PATH/WEB-INF/shielded-container-lib/com.liferay.petra.io.jar/META-INF/MANIFEST.MF",
    "checksum": "d0ee254174e3aae59d49614769632c4b98f13c6e193a9434ba81c2b2a9862a9d"
  },
  {
    "file": "WAR_PATH/WEB-INF/shielded-container-lib/com.liferay.petra.concurrent.jar/META-INF/MANIFEST.MF",
    "checksum": "41212293cd78f1745f0a71d43407d1423f3af12d7f848f2fae02c6f3fcdf7fe6"
  },
  {
    "file": "WAR_PATH/WEB-INF/shielded-container-lib/com.liferay.portal.jsp.engine.jar/META-INF/MANIFEST.MF",
    "checksum": "54ad895c5554d6fd7236fb72458c2f1f10f97210b4fa8dd46b4c7174c575ccb8"
  },
  {
    "file": "WAR_PATH/WEB-INF/shielded-container-lib/util-bridges.jar/META-INF/MANIFEST.MF",
    "checksum": "e12e984f1fd06aa2753c5a8ccad3677d42fc1d06ff6ba3eb16113d3ab19c94f1"
  },
  {
    "file": "WAR_PATH/WEB-INF/shielded-container-lib/util-bridges.jar/META-INF/maven/com.liferay.portal/com.liferay.util.bridges/pom.properties",
    "checksum": "616bcecb4fd54b843074e9a5cda499639748b4e783baf5ad8a783c363d751fd8"
  },
  {
    "file": "WAR_PATH/WEB-INF/shielded-container-lib/com.liferay.portal.dao.db.jar/META-INF/MANIFEST.MF",
    "checksum": "c378a276e4cf8cc5918b291b4eba329f8cf02ef72700668373edab05e68fabe4"
  },
  {
    "file": "WAR_PATH/WEB-INF/shielded-container-lib/com.liferay.portal.app.license.resolver.hook.jar/META-INF/MANIFEST.MF",
    "checksum": "e566fc404bde18cbed3c8cdab928397f3a34d7cc3e2bd132535f6a4bae8b3cf6"
  },
  {
    "file": "WAR_PATH/WEB-INF/shielded-container-lib/com.liferay.petra.reflect.jar/META-INF/MANIFEST.MF",
    "checksum": "9f0b7f62a6597c289cb23c95fb28f07ed3a7776638999f77a233b39ca1bb7ad2"
  },
  {
    "file": "WAR_PATH/WEB-INF/shielded-container-lib/com.liferay.jaxws.osgi.bridge.jar/META-INF/MANIFEST.MF",
    "checksum": "eca6906941110fcb7d0241cee2694ff0070d7ef165352790875db878cface573"
  },
  {
    "file": "WAR_PATH/WEB-INF/shielded-container-lib/com.liferay.petra.lang.jar/META-INF/MANIFEST.MF",
    "checksum": "7af3ac08adff54032210d204cf32eeff872184a22a413a2f2cd950dccef16706"
  },
  {
    "file": "WAR_PATH/WEB-INF/shielded-container-lib/com.liferay.portal.web.jar/META-INF/MANIFEST.MF",
    "checksum": "d21a4f473505ec2eb35b11d228579970c28bb4880b956755174d2e53971b6d2c"
  },
  {
    "file": "WAR_PATH/WEB-INF/shielded-container-lib/com.liferay.petra.url.pattern.mapper.jar/META-INF/MANIFEST.MF",
    "checksum": "8ec9c9a460061d8a2f16c64c86da4be4dccc7e22edb929c11243e2e7547d5dbb"
  },
  {
    "file": "WAR_PATH/WEB-INF/shielded-container-lib/com.liferay.petra.nio.jar/META-INF/MANIFEST.MF",
    "checksum": "93a9f41fa7cebd3c4b7b0dfd6226b7794bf25688e85f1a78e1dd44310c383e2a"
  },
  {
    "file": "WAR_PATH/WEB-INF/shielded-container-lib/util-java.jar/META-INF/MANIFEST.MF",
    "checksum": "dbe7914d2b4cfdbd52466324593bf65cb07e3a90d53c699547f8bee9bbf93d5d"
  },
  {
    "file": "WAR_PATH/WEB-INF/shielded-container-lib/util-java.jar/META-INF/maven/com.liferay.portal/com.liferay.util.java/pom.properties",
    "checksum": "c8bdade03cb39e5536629f8645a8d6ad67193b2316efb3d08cec56d1c9e05d2e"
  },
  {
    "file": "WAR_PATH/WEB-INF/shielded-container-lib/com.liferay.osgi.service.tracker.collections.jar/META-INF/MANIFEST.MF",
    "checksum": "f9efb3c61aa9609046cf9428e4813866b75f14642d5319a83be317c55ac1d0b7"
  },
  {
    "file": "WAR_PATH/WEB-INF/shielded-container-lib/portal-impl.jar/META-INF/MANIFEST.MF",
    "checksum": "bf078932e9680ba628d563aca061a6f95d68ad9c3987d5077dad896d5321422a"
  },
  {
    "file": "WAR_PATH/WEB-INF/shielded-container-lib/portal-impl.jar/META-INF/maven/com.liferay.portal/com.liferay.portal.impl/pom.properties",
    "checksum": "f3720e023588c6b6d4694024148279491dc29b48d6a58ee54435f06247dea7df"
  },
  {
    "file": "WAR_PATH/WEB-INF/shielded-container-lib/portal-impl.jar/com/liferay/portal/deploy/dependencies/maven/com.liferay.portal/com.liferay.util.taglib/pom.properties",
    "checksum": "23508851ca40f70bf5fa5e6dca12e2f55450175031d994e285f91a3a4aa432c5"
  },
  {
    "file": "WAR_PATH/WEB-INF/shielded-container-lib/portal-impl.jar/com/liferay/portal/deploy/dependencies/util-bridges.jar",
    "checksum": "0f54e3806fb6ce48d81d8d20fdb374d939039a693be6bc9b656c34d89822b5e5"
  },
  {
    "file": "WAR_PATH/WEB-INF/shielded-container-lib/portal-impl.jar/com/liferay/portal/deploy/dependencies/util-java.jar",
    "checksum": "9e74afb791fb4522fb0dc7efba731ffef5207cf61e02cf72b1c94f61816c5593"
  },
  {
    "file": "WAR_PATH/WEB-INF/shielded-container-lib/portal-impl.jar/com/liferay/portal/deploy/dependencies/util-slf4j.jar",
    "checksum": "0113c03aa22394b01c754310a54c458cacbb59f73cb2ff28f636bc2b6f6fb359"
  },
  {
    "file": "WAR_PATH/WEB-INF/shielded-container-lib/portal-impl.jar/com/liferay/portal/deploy/dependencies/util-taglib.jar",
    "checksum": "2b34f7d775f078206e1a8690d624c438afed9e824b988cff373f3d1d46b08f6c"
  },
  {
    "file": "WAR_PATH/WEB-INF/shielded-container-lib/com.liferay.petra.string.jar/META-INF/MANIFEST.MF",
    "checksum": "e4a12cc42191183229c6703f314fdb236b261ccd67762c345dc4351d103ce9a6"
  }
]